年月日,開盤價(元),收盤價(元),成交量(千股)
2015/01/05,66.4,66.55,6295 
2015/01/06,65.75,64.9,19501 
2015/01/07,64.7,65,6991 
2015/01/08,65.5,66.5,13153 
2015/01/09,66.9,66.15,5891 
2015/01/12,65.8,65.75,9060 
2015/01/13,65.6,65.95,6151 
2015/01/14,66,65.6,7205 
2015/01/15,65.65,65.8,3525 
2015/01/16,66.25,65.5,9317 
2015/01/19,66.3,66.25,17591 
2015/01/20,66.5,66.75,10097 
2015/01/21,67.2,67.25,17556 
2015/01/22,67.5,67.6,16125 
2015/01/23,68.25,68.7,35859 
2015/01/26,68.55,68.7,20460 
2015/01/27,69,69.15,36217 
2015/01/28,68.8,69.15,35993 
2015/01/29,69.05,68.3,19790 
2015/01/30,68.6,68,4264 
2015/02/02,68.2,68.15,5810 
2015/02/03,68.35,68.65,16645 
2015/02/04,69.2,69.4,20357 
2015/02/05,69.05,69.1,4783 
2015/02/06,69.1,68.75,4107 
2015/02/09,68.75,68.5,3512 
2015/02/10,68.45,68.25,8023 
2015/02/11,68.7,69,7199 
2015/02/12,69,69,9310 
2015/02/13,69.35,69.45,7599 
2015/02/24,69.95,70.25,14549 
2015/02/25,70.7,70.8,23253 
2015/02/26,70.55,70.3,8688 
2015/03/02,70.3,70,6589 
2015/03/03,70.05,69.9,5067 
2015/03/04,69.55,69.95,6414 
2015/03/05,69.95,69.7,3761 
2015/03/06,69.55,69.8,3067 
2015/03/09,69.45,69.1,7464 
2015/03/10,69,68.95,6958 
2015/03/11,68.35,69.05,10039 
2015/03/12,68.85,69.65,5710 
2015/03/13,69.65,69.45,4527 
2015/03/16,69.35,68.9,6079 
2015/03/17,69.2,69.15,7096 
2015/03/18,69.2,69.9,18621 
2015/03/19,70.5,70.65,12488 
2015/03/20,70.65,70.55,4499 
2015/03/23,70.55,70.75,7600 
2015/03/24,70.55,70.5,4504 
2015/03/25,70.5,70.25,4458 
2015/03/26,69.4,69.4,9508 
2015/03/27,69.4,68.75,10014 
2015/03/30,68.75,68.8,10353 
2015/03/31,69,69.05,7643 
2015/04/01,68.7,68.65,8234 
2015/04/02,68.9,69.5,7800 
2015/04/07,69.55,69.6,3447 
2015/04/08,69.6,69,5069 
2015/04/09,69,69.1,6205 
2015/04/10,69.7,69.65,4600 
2015/04/13,69.9,69.85,4199 
2015/04/14,69.85,69.5,4562 
2015/04/15,69.25,68.65,17266 
2015/04/16,68.95,69.7,15774 
2015/04/17,69.55,69.05,9237 
2015/04/20,68.7,68.95,9571 
2015/04/21,69.05,68.95,2864 
2015/04/22,69.3,69.65,11311 
2015/04/23,70.2,71.5,24334 
2015/04/24,71.7,72.2,26527 
2015/04/27,73,72.75,13281 
2015/04/28,72.85,72.6,16465 
2015/04/29,72.5,71.8,10074 
2015/04/30,71.6,71.45,6780 
2015/05/04,71.45,71.6,5381 
2015/05/05,71.4,71.2,6801 
2015/05/06,70.8,71.3,6603 
2015/05/07,70.8,70.45,10204 
2015/05/08,70.45,70.5,5647 
2015/05/11,71,70.85,11222 
2015/05/12,70.6,70.7,9064 
2015/05/13,70.7,71.1,6874 
2015/05/14,70.85,70.1,16520 
2015/05/15,70.3,70,11642 
2015/05/18,70.05,70.25,3248 
2015/05/19,70.4,71.3,8458 
2015/05/20,71.25,70.8,7530 
2015/05/21,70.15,70.15,11567 
2015/05/22,70.2,70.7,6152 
2015/05/25,70.45,70.7,2391 
2015/05/26,71.2,71,7521 
2015/05/27,70.85,71.15,5812 
2015/05/28,71.75,71.5,5790 
2015/05/29,71.7,71.1,4900 
2015/06/01,71.1,70.5,7850 
2015/06/02,70.45,70.4,4867 
2015/06/03,70.3,69.95,6558 
2015/06/04,69.8,68.6,28182 
2015/06/05,68.5,68.45,15106 
2015/06/08,68.3,68.9,9094 
2015/06/09,68.5,68.35,18429 
2015/06/10,68.55,68.65,8666 
2015/06/11,68.8,68.85,7352 
2015/06/12,68.9,68.8,3175 
2015/06/15,68.8,68.65,3761 
2015/06/16,68.65,68.2,8681 
2015/06/17,68.2,68.5,5564 
2015/06/18,68.45,68.4,10688 
2015/06/22,68.75,69.35,11310 
2015/06/23,69.55,69.55,5311 
2015/06/24,69.6,69.65,6127 
2015/06/25,70,70.45,13815 
2015/06/26,70.45,70.45,4926 
2015/06/29,69.35,68.8,11576 
2015/06/30,68.8,69.4,4093 
2015/07/01,69.4,70.05,6063 
2015/07/02,70.2,70.1,4340 
2015/07/03,70,70.1,7762 
2015/07/06,69.55,69.3,7584 
2015/07/07,69.65,69.6,4706 
2015/07/08,69.2,67.5,37899 
2015/07/09,66.8,67.1,33083 
2015/07/13,68,68.1,15806 
2015/07/14,68.3,68.1,9618 
2015/07/15,68.3,68.25,8865 
2015/07/16,68.6,68.6,6939 
2015/07/17,68.35,68.5,3432 
2015/07/20,69,68,7832 
2015/07/21,68.35,68.65,3363 
2015/07/22,68.2,67.8,14139 
2015/07/23,67.5,67.15,20981 
2015/07/24,67.05,66.75,19922 
2015/07/27,66.4,65.8,28446 
2015/07/28,65.75,65.85,17518 
2015/07/29,65.9,65.4,18492 
2015/07/30,65.6,66.5,7473 
2015/07/31,66.5,66.15,11169 
2015/08/03,65.9,65.25,15758 
2015/08/04,65.5,65.3,12310 
2015/08/05,65.55,65.7,9875 
2015/08/06,66,65,23620 
2015/08/07,64.5,64.7,6898 
2015/08/10,64.6,64.55,10082 
2015/08/11,65.3,64.55,17411 
2015/08/12,64.25,63.45,24218 
2015/08/13,63.45,63.55,16147 
2015/08/14,63.45,63.3,8405 
2015/08/17,63.3,62.9,13852 
2015/08/18,63,62.55,9841 
2015/08/19,62.4,61.6,17595 
2015/08/20,61.25,61.4,19329 
2015/08/21,60.6,59.8,28076 
2015/08/24,59.1,57.5,61317 
2015/08/25,57.5,60,43487 
2015/08/26,59.3,60.35,17123 
2015/08/27,60.6,60.15,18326 
2015/08/28,61,61.8,18684 
2015/08/31,61.3,62.3,18957 
2015/09/01,61.9,61.75,12340 
2015/09/02,61.1,62.1,18170 
2015/09/03,62.35,62.15,7543 
2015/09/04,62.15,61.35,15808 
2015/09/07,61.3,61.25,10155 
2015/09/08,61.5,61.45,9642 
2015/09/09,62.65,64.15,24002 
2015/09/10,63.8,63.45,10184 
2015/09/11,63.3,63.5,7961 
2015/09/14,63.9,63.65,4389 
2015/09/15,63.75,63.15,5767 
2015/09/16,63.65,63.9,7422 
2015/09/17,64.5,65,12909 
2015/09/18,65,64.85,3507 
2015/09/21,64.05,63.45,9987 
2015/09/22,63.55,63.8,4330 
2015/09/23,63.2,62.35,10045 
2015/09/24,62.55,62,7364 
2015/09/25,62.15,62.25,5982 
2015/09/30,61.45,62.4,8574 
2015/10/01,62.6,63.6,11986 
2015/10/02,63.35,63.25,7571 
2015/10/05,63.8,63.4,5383 
2015/10/06,64.15,63.9,8300 
2015/10/07,63.9,64.85,8637 
2015/10/08,65.1,64.7,12360 
2015/10/12,65.05,65.55,17465 
2015/10/13,65.6,65.3,7489 
2015/10/14,65.3,65.05,7135 
2015/10/15,65.65,66,14357 
2015/10/16,65.95,65.75,8189 
2015/10/19,66,65.95,7411 
2015/10/20,66,65.95,4526 
2015/10/21,66.1,65.5,11498 
2015/10/22,65.3,65.5,8066 
2015/10/23,66.2,65.9,20687 
2015/10/26,64.5,64.55,12082 
2015/10/27,64.5,64.2,5723 
2015/10/28,64.2,63.75,5075 
2015/10/29,64.1,63.3,8413 
2015/10/30,63.3,63.2,5991 
2015/11/02,63.1,63.3,4831 
2015/11/03,63.8,64.3,9293 
2015/11/04,64.75,65.55,16551 
2015/11/05,65.65,65.4,5902 
2015/11/06,65.4,64.1,11915 
2015/11/09,64,63.65,5532 
2015/11/10,63.3,62.9,8847 
2015/11/11,62.9,62.15,16293 
2015/11/12,62.2,62.25,14213 
2015/11/13,61.8,61.6,20384 
2015/11/16,61.2,61.15,13429 
2015/11/17,62,62.35,8728 
2015/11/18,62.35,61.4,14981 
2015/11/19,61.95,62.3,10131 
2015/11/20,62.35,62.3,5421 
2015/11/23,62.6,62.6,3462 
2015/11/24,62.5,61.95,6598 
2015/11/25,61.85,61.95,5964 
2015/11/26,62.3,62.8,8642 
2015/11/27,62.9,61.95,6290 
2015/11/30,60.9,61.2,23268 
2015/12/01,61.7,62.4,8409 
2015/12/02,62.45,62.3,6361 
2015/12/03,61.9,62.4,6065 
2015/12/04,61.95,61.75,15048 
2015/12/07,62.2,62.5,14814 
2015/12/08,62.25,61.5,9200 
2015/12/09,61.2,60.75,16089 
2015/12/10,60.4,60.55,16616 
2015/12/11,60.55,59.85,13835 
2015/12/14,59.25,59.4,9528 
2015/12/15,59.7,59.45,6796 
2015/12/16,60,60.35,6530 
2015/12/17,60.55,61.05,7609 
2015/12/18,60.85,60.75,4893 
2015/12/21,60.05,60.65,4340 
2015/12/22,60.7,60.8,5138 
2015/12/23,60.95,60.9,7263 
2015/12/24,61.35,61.2,8456 
2015/12/25,61.2,61.6,6546 
2015/12/28,61.7,61.45,3449 
2015/12/29,61.4,61,3966 
2015/12/30,61.15,60.55,7262 
2015/12/31,60.55,60.75,3894 
2016/01/04,60.8,59.55,16928 
2016/01/05,59.5,59.05,21783 
2016/01/06,59.05,58.45,28939 
2016/01/07,58.3,57.35,39962 
2016/01/08,57,57.45,25450 
2016/01/11,56.9,56.55,24356 
2016/01/12,56.8,56.5,17649 
2016/01/13,57,57.15,11848 
2016/01/14,56.5,56.7,15487 
2016/01/15,57.1,56.7,20847 
2016/01/18,55.9,57.1,13014 
2016/01/19,57,57.25,8110 
2016/01/20,56.85,55.9,22688 
2016/01/21,56.1,55.8,10450 
2016/01/22,56.35,56.55,13943 
2016/01/25,57,57.55,12773 
2016/01/26,57,57,7583 
2016/01/27,57.4,57.25,9101 
2016/01/28,57.15,57.55,10224 
2016/01/29,57.5,59,20207 
2016/01/30,59.45,59.55,13202 
2016/02/01,59.5,59.55,7967 
2016/02/02,59.45,59.35,4584 
2016/02/03,59,58.95,6990 
2016/02/15,58.3,59,7221 
2016/02/16,59.1,60.25,17822 
2016/02/17,60.4,59.95,12473 
2016/02/18,60.8,60.9,16986 
2016/02/19,60.8,60.85,11352 
2016/02/22,60.85,60.8,11614 
2016/02/23,61,60.85,4916 
2016/02/24,60.8,60.3,7764 
2016/02/25,60.6,61.1,16933 
2016/02/26,61.35,61.25,14513 
2016/03/01,61.25,61.85,17236 
2016/03/02,62.35,62.35,22870 
2016/03/03,62.35,62.95,32602 
2016/03/04,62.9,63.1,24050 
2016/03/07,63.2,63.1,21497 
2016/03/08,63,63.05,13634 
2016/03/09,63.05,63.1,8097 
2016/03/10,63.05,63.25,21352 
2016/03/11,63.2,63.55,22682 
2016/03/14,64,64,25831 
2016/03/15,64,63.05,18905 
2016/03/16,63.35,63.6,36277 
2016/03/17,64.55,64.3,20031 
2016/03/18,64.4,64.7,31120 
2016/03/21,64.9,64.6,6056 
2016/03/22,64.35,64.4,8180 
2016/03/23,64.4,64.35,11996 
2016/03/24,64.25,64.35,8530 
2016/03/25,64.5,64.05,3814 
2016/03/28,64.05,64.1,7346 
2016/03/29,64,63.65,10741 
2016/03/30,64.05,64.7,29118 
2016/03/31,65.1,64.65,16046 
2016/04/01,64.25,63.9,4654 
2016/04/06,63.3,62.4,8957 
2016/04/07,62.5,62.15,20224 
2016/04/08,61.8,62.75,6752 
2016/04/11,62.5,63,5355 
2016/04/12,63.05,62.95,2753 
2016/04/13,63.25,64.05,11846 
2016/04/14,64.4,64.25,8125 
2016/04/15,63.8,64.25,11673 
2016/04/18,64.05,63.85,2145 
2016/04/19,64.3,63.6,5841 
2016/04/20,63.5,62.65,8981 
2016/04/21,62.9,62.95,3097 
2016/04/22,62.95,63.2,2685 
2016/04/25,63.2,63.25,2864 
2016/04/26,63.1,63.5,4894 
2016/04/27,63.2,63.4,2470 
2016/04/28,63.5,62.4,10321 
2016/04/29,61.85,61.6,7266 
2016/05/03,61.6,60.75,9711 
2016/05/04,60.75,60.1,14504 
2016/05/05,60.1,60.2,14591 
2016/05/06,60,59.7,22004 
2016/05/09,59.9,59.7,14499 
2016/05/10,59.7,60,13152 
2016/05/11,60.2,59.85,19053 
2016/05/12,59.7,59.8,13397 
2016/05/13,59.55,59.15,29668 
2016/05/16,59.15,59.6,6645 
2016/05/17,59.65,60.05,12344 
2016/05/18,59.7,59.95,8579 
2016/05/19,60,59.65,8050 
2016/05/20,59.85,60,8126 
2016/05/23,60.1,62,21664 
2016/05/24,61.75,61.35,6417 
2016/05/25,61.75,62,25858 
2016/05/26,62.05,62.15,26044 
2016/05/27,62.4,62.6,25759 
2016/05/30,62.6,63.15,26912 
2016/05/31,63.05,63.15,8678 
2016/06/01,62.95,63.7,25001 
2016/06/02,63.7,63.7,13721 
2016/06/03,63.6,63.85,11793 
2016/06/04,63.75,63.95,3201 
2016/06/06,64,64.05,12991 
2016/06/07,64.3,64.9,30837 
2016/06/08,65,65.25,26064 
2016/06/13,64.3,63.75,9520 
2016/06/14,63.5,64.15,6411 
2016/06/15,64.15,64.25,22583 
2016/06/16,64.1,63.35,8999 
2016/06/17,63.85,64.05,5808 
2016/06/20,64.5,64.5,10307 
2016/06/21,64.5,64.75,18113 
2016/06/22,64.75,64.95,10556 
2016/06/23,64.8,64.8,32188 
2016/06/24,64.75,63.1,31665 
2016/06/27,63.2,63.75,4931 
2016/06/28,63.1,64,5345 
2016/06/29,64.15,64.7,9101 
2016/06/30,65.15,65.45,25345 
2016/07/01,65.85,66.25,30668 
2016/07/04,66.1,66.3,9989 
2016/07/05,66.2,66.1,5997 
2016/07/06,65.6,64.9,8730 
2016/07/07,65.45,65.7,6587 
2016/07/11,66.7,67,22208 
2016/07/12,67.15,67.6,15397 
2016/07/13,67.85,67.65,9434 
2016/07/14,67.5,67.7,10109 
2016/07/15,67.8,68.5,15543 
2016/07/18,68.45,69.15,36847 
2016/07/19,69.2,69.25,17045 
2016/07/20,69,69.2,24718 
2016/07/21,69.45,69.55,9980 
2016/07/22,69.55,69.3,3265 
2016/07/25,69.5,69,11676 
2016/07/26,69,69.4,13212 
2016/07/27,69.65,69.7,11118 
2016/07/28,69,69.05,11452 
2016/07/29,68.85,68.55,19390 
2016/08/01,68.8,69.3,10407 
2016/08/02,69.25,69.3,7116 
2016/08/03,68.5,68.75,13801 
2016/08/04,68.85,68.9,10674 
2016/08/05,69.1,69.6,12422 
2016/08/08,70,70.05,7902 
2016/08/09,70,70.4,11568 
2016/08/10,70.3,70.6,6497 
2016/08/11,70.2,69.95,10903 
2016/08/12,70.15,70.2,5258 
2016/08/15,70.2,70.35,4797 
2016/08/16,70.3,69.95,4431 
2016/08/17,69.9,70.05,8925 
2016/08/18,70,69.9,3275 
2016/08/19,69.9,69.2,8299 
2016/08/22,69,68.7,7083 
2016/08/23,68.9,69.4,7084 
2016/08/24,69.35,69.2,5071 
2016/08/25,69.3,70,8022 
2016/08/26,69.95,70.1,2991 
2016/08/29,69.9,70.05,3554 
2016/08/30,70,70,3791 
2016/08/31,69.85,69.4,5206 
2016/09/01,69.3,69.05,5965 
2016/09/02,69.1,69.15,2615 
2016/09/05,69.8,70.3,8523 
2016/09/06,70.25,70.85,7342 
2016/09/07,70.95,71.85,9686 
2016/09/08,71.8,71.6,4674 
2016/09/09,70.9,70.4,5230 
2016/09/10,69.15,69.4,8825 
2016/09/12,69.35,68.85,7236 
2016/09/13,69.1,68.85,7123 
2016/09/14,68.5,68.45,5624 
2016/09/19,69.4,71,9887 
2016/09/20,70.9,70.9,2795 
2016/09/21,70.75,71.25,12156 
2016/09/22,71.9,71.4,4929 
2016/09/23,71.5,71.9,4215 
2016/09/26,71.5,71,3736 
2016/09/29,71.85,71.9,9624 
2016/09/30,71.15,70.95,5843 
2016/10/03,71.2,71.45,3888 
2016/10/04,71.45,71.75,5169 
2016/10/05,71.6,71.5,2838 
2016/10/06,71.7,71.7,2071 
2016/10/07,71.6,71.65,3053 
2016/10/11,72.35,71.45,6945 
2016/10/12,71.5,72.25,6057 
2016/10/13,72.2,71.7,5454 
2016/10/14,71.3,71.45,3633 
2016/10/17,71.45,71.45,4422 
2016/10/18,71.5,71.95,3619 
2016/10/19,72,72.35,21575 
2016/10/20,72.35,72.65,4836 
2016/10/21,72.65,72.6,4234 
2016/10/24,72.85,72.7,3265 
2016/10/25,72.85,73.4,3715 
2016/10/26,73,73,2868 
2016/10/27,73,72.6,3170 
2016/10/28,72.6,72.6,4275 
2016/10/31,72.25,72.6,5464 
2016/11/01,72.25,72.6,2024 
2016/11/02,71.95,71.75,5502 
2016/11/03,71.45,71.2,4554 
2016/11/04,71,71,4346 
2016/11/07,71.8,72,3235 
2016/11/08,72.15,72.35,2694 
2016/11/09,72.85,70,19936 
2016/11/10,71.8,72,6699 
2016/11/11,70.35,70.05,8375 
2016/11/14,69.95,70.1,7117 
2016/11/15,69.8,69.9,4015 
2016/11/16,70.2,70,24749 
2016/11/17,70,70.2,3313 
2016/11/18,70.1,70.4,2119 
2016/11/21,70.3,70.5,2649 
2016/11/22,70.75,71.45,5293 
2016/11/23,71.5,71.8,1907 
2016/11/24,71.6,71.4,2303 
2016/11/25,71.35,71.35,2649 
2016/11/28,71.35,71.75,2646 
2016/11/29,71.9,71.65,1417 
2016/11/30,71.7,71.7,1918 
2016/12/01,71.6,72,1955 
2016/12/02,71.2,71.2,3307 
2016/12/05,71.2,71.1,1388 
2016/12/06,71.8,72,2435 
2016/12/07,72.2,72,1467 
2016/12/08,72.3,72.9,6085 
2016/12/09,73.05,73.15,5418 
2016/12/12,73.3,72.85,3208 
2016/12/13,72.85,72.95,2548 
2016/12/14,73.2,73.1,2827 
2016/12/15,72.55,73,3017 
2016/12/16,72.8,72.3,2148 
2016/12/19,72.25,71.85,2680 
2016/12/20,71.95,71.75,2029 
2016/12/21,71.75,71.7,9321 
2016/12/22,71.55,70.8,4971 
2016/12/23,70.6,70.55,5125 
2016/12/26,70.65,70.8,2104 
2016/12/27,70.8,70.75,2494 
2016/12/28,70.85,71.6,3686 
2016/12/29,71.45,71.25,1911 
2016/12/30,71.65,71.8,2726 
2017/01/03,71.7,71.9,2331 
2017/01/04,72,71.85,4284 
2017/01/05,71.85,72.5,4573 
2017/01/06,72.45,72.65,3752 
2017/01/09,72.75,72.45,5038 
2017/01/10,72.45,72.4,1857 
2017/01/11,72.8,72.4,1898 
2017/01/12,72.6,73.15,4857 
2017/01/13,72.8,72.6,3909 
2017/01/16,72.4,72,2418 
2017/01/17,72,72.3,1572 
2017/01/18,72.2,72.15,3837 
2017/01/19,71.85,71.95,4065 
2017/01/20,71.95,72.15,2422 
2017/01/23,72.55,72.75,5965 
2017/01/24,73,73.3,4575 
2017/02/02,73.5,72.9,6999 
2017/02/03,72.95,72.85,2809 
2017/02/06,73,73.25,2947 
2017/02/07,73.1,73.3,4305 
2017/02/08,71.9,71.75,4433 
2017/02/09,71.75,72,3548 
2017/02/10,72.1,72.8,4869 
2017/02/13,72.8,72.95,3330 
2017/02/14,73.4,73.2,6071 
2017/02/15,73.3,73.9,9407 
2017/02/16,74,73.45,5466 
2017/02/17,73.65,73.35,5192 
2017/02/18,73.3,73.5,3227 
2017/02/20,73.55,73.1,2802 
2017/02/21,73.2,73.25,3337 
2017/02/22,73.6,73.3,2938 
2017/02/23,73.25,73.1,2332 
2017/02/24,73.05,73.15,1844 
2017/03/01,73.1,72.35,3107 
2017/03/02,72.95,72.55,7057 
2017/03/03,72.3,72.1,4410 
2017/03/06,72.05,72.15,2177 
2017/03/07,72.25,72.45,2027 
2017/03/08,72.65,72.85,2182 
2017/03/09,72.6,72.05,3381 
2017/03/10,71.95,72,5423 
2017/03/13,72.15,72.5,2515 
2017/03/14,72.6,73,3948 
2017/03/15,72.8,72.85,3490 
2017/03/16,73.3,73.8,7545 
2017/03/17,73.85,74,5265 
2017/03/20,73.95,73.95,5073 
2017/03/21,74.3,74.9,8511 
2017/03/22,74.25,74.2,4939 
2017/03/23,74.6,74.35,4105 
2017/03/24,74.35,74.25,3308 
2017/03/27,74,74.2,2474 
2017/03/28,74.55,74.25,5565 
2017/03/29,74.45,74,2464 
2017/03/30,74,73.9,2181 
2017/03/31,73.95,73.7,2008 
2017/04/05,73.95,74.65,3594 
2017/04/06,74.8,74.4,2811 
2017/04/07,74.3,74.1,1889 
2017/04/10,74.1,74.2,1060 
2017/04/11,74.1,73.9,1266 
2017/04/12,73.9,74.05,1940 
2017/04/13,73.9,74.4,6004 
2017/04/14,73.9,73.55,2674 
2017/04/17,73.55,73.6,5339 
2017/04/18,73.85,73.6,4099 
2017/04/19,73.1,72.8,9185 
2017/04/20,72.55,72.8,3142 
2017/04/21,73.25,73.5,3247 
2017/04/24,73.9,73.65,4309 
2017/04/25,73.85,74.35,5698 
2017/04/26,74.7,74.55,4117 
2017/04/27,74.35,74.5,3685 
2017/04/28,74.5,74.55,4423 
2017/05/02,75,75.2,15728 
2017/05/03,75.3,75.55,4711 
2017/05/04,75.55,75.65,3996 
2017/05/05,75.45,75.15,5287 
2017/05/08,75.55,75.7,4083 
2017/05/09,75.7,75.95,4190 
2017/05/10,76.15,76.25,1763 
2017/05/11,76.1,76.5,2018 
2017/05/12,76.25,76.3,2810 
2017/05/15,76.3,76.5,1285 
2017/05/16,76.5,76.5,1598 
2017/05/17,76.3,76.3,1331 
2017/05/18,75.65,75.9,4271 
2017/05/19,75.65,75.85,1162 
2017/05/22,75.95,76.05,2576 
2017/05/23,76.05,76.35,3844 
2017/05/24,76.35,76.3,2886 
2017/05/25,76.7,77,4681 
2017/05/26,77,76.95,4018 
2017/05/31,76.95,76.5,2701 
2017/06/01,76.5,76.9,2221 
2017/06/02,77.3,77.2,3540 
2017/06/03,77.25,77.4,2052 
2017/06/05,77.35,78,3281 
2017/06/06,77.95,77.95,1203 
2017/06/07,77.9,77.95,1844 
2017/06/08,77.95,78.25,1886 
2017/06/09,78.05,78,3010 
2017/06/12,77.15,77.15,3300 
2017/06/13,77.15,77.25,1615 
2017/06/14,77.4,76.85,3380 
2017/06/15,76.8,76.9,1507 
2017/06/16,76.9,77.7,4233 
2017/06/19,77.7,78.55,5144 
2017/06/20,78.6,79.45,4046 
2017/06/21,79.2,79.55,13612 
2017/06/22,79.6,79.75,6112 
2017/06/23,79.75,79.7,8517 
2017/06/26,79.8,81.4,14254 
2017/06/27,81.4,81.3,3026 
2017/06/28,80.9,80.55,6286 
2017/06/29,81,80.65,1427 
2017/06/30,80.1,80.4,3070 
2017/07/03,80.4,80.45,1551 
2017/07/04,80.45,80,1237 
2017/07/05,80.1,80.75,2274 
2017/07/06,80.75,80.4,2492 
2017/07/07,80.25,79.95,3569 
2017/07/10,80,80.35,3549 
2017/07/11,80.7,81.55,4138 
2017/07/12,81.5,81.55,3948 
2017/07/13,81.95,82.2,3992 
2017/07/14,82,82.05,2281 
2017/07/17,82.5,82.2,2687 
2017/07/18,82.2,82.4,3277 
2017/07/19,82.35,82.7,7267 
2017/07/20,82.85,82.65,2020 
2017/07/21,82.6,82.1,4465 
2017/07/24,81.95,82.3,2364 
2017/07/25,82.3,82.45,2126 
2017/07/26,82.55,82.15,2357 
2017/07/27,82.2,83,2213 
2017/07/28,82.4,82.1,4401 
2017/07/31,81.45,81.35,2806 
2017/08/01,82.15,81.8,2642 
2017/08/02,82,82.5,5045 
2017/08/03,81.85,82.2,4029 
2017/08/04,82.15,82.35,1143 
2017/08/07,82.45,82.95,4108 
2017/08/08,83.05,82.9,2985 
2017/08/09,82.55,82.15,3122 
2017/08/10,82.35,81.6,3168 
2017/08/11,80.85,81.25,2747 
2017/08/14,81.45,80.75,2245 
2017/08/15,81.3,81.3,2708 
2017/08/16,81.15,81,6282 
2017/08/17,81.25,81.65,1968 
2017/08/18,81,81.15,2315 
2017/08/21,81.05,81.05,2050 
2017/08/22,81.45,81.85,3986 
2017/08/23,82,81.75,5504 
2017/08/24,81.85,82.55,3487 
2017/08/25,82.65,82.7,2614 
2017/08/28,82.7,82.55,2773 
2017/08/29,82.25,82.3,1228 
2017/08/30,82.65,82.7,4119 
2017/08/31,83.15,82.95,3284 
2017/09/01,82.95,83,4429 
2017/09/04,82.9,82.85,2595 
2017/09/05,82.9,82.95,2564 
2017/09/06,82.7,82.6,2891 
2017/09/07,82.8,82.25,1368 
2017/09/08,82.4,82.7,2841 
2017/09/11,83.25,82.55,1627 
2017/09/12,82.95,82.85,1394 
2017/09/13,82.9,82.3,2175 
2017/09/14,82.3,82.35,1749 
2017/09/15,82.35,82.35,1821 
2017/09/18,82.85,83.15,2692 
2017/09/19,83.2,82.75,1456 
2017/09/20,82.5,82.2,9963 
2017/09/21,82.05,82.7,1830 
2017/09/22,82.6,81.6,5605 
2017/09/25,81.55,80.95,7071 
2017/09/26,80.8,80.3,11752 
2017/09/27,80.6,80.7,6242 
2017/09/28,80.75,80.4,6899 
2017/09/29,80.45,80.65,3443 
2017/09/30,81,81.2,1585 
2017/10/02,81.25,81.5,3261 
2017/10/03,81.55,81.5,1578 
2017/10/05,81.5,81.85,6407 
2017/10/06,82.1,82.1,4126 
2017/10/11,82.45,83.4,15975 
2017/10/12,83.55,84.2,8770 
2017/10/13,83.95,84.05,3596 
2017/10/16,84.05,84.5,4045 
2017/10/17,84.55,84.3,3233 
2017/10/18,84.8,84.6,4472 
2017/10/19,84.7,84.9,2447 
2017/10/20,84.4,84.55,1725 
2017/10/23,84.7,84.5,1771 
2017/10/24,84.5,84.4,1072 
2017/10/25,84.3,84.35,2416 
2017/10/26,84.15,84.25,3226 
2017/10/27,84.3,84.3,2141 
2017/10/30,85.1,84.95,3357 
2017/10/31,85,85.2,2131 
2017/11/01,85.35,85.1,1313 
2017/11/02,84.95,84.8,1562 
2017/11/03,84.95,84.7,1455 
2017/11/06,85.2,84.85,1573 
2017/11/07,85,85.3,2211 
2017/11/08,85.2,84.95,809 
2017/11/09,84.95,84.4,1258 
2017/11/10,84.3,84.55,923 
2017/11/13,84.25,84.3,979 
2017/11/14,84.3,84.15,1015 
2017/11/15,83.8,83.3,6270 
2017/11/16,83.3,83.6,2176 
2017/11/17,84.3,84.35,7196 
2017/11/20,84.4,84,2301 
2017/11/21,83.9,84.75,4469 
2017/11/22,85.15,85.15,4913 
2017/11/23,85.15,85.2,1552 
2017/11/24,85.25,85.15,1068 
2017/11/27,85.15,84.15,2127 
2017/11/28,83.95,83.6,2007 
2017/11/29,83.65,83.7,1381 
2017/11/30,83,82.25,8038 
2017/12/01,82.15,82.6,5620 
2017/12/04,82.65,82.9,1503 
2017/12/05,82.55,82.25,1880 
2017/12/06,82.1,80.85,13235 
2017/12/07,81.2,80.9,7309 
2017/12/08,81.5,80.9,6280 
2017/12/11,81.2,81.5,2738 
2017/12/12,81.4,80.95,3940 
2017/12/13,81.1,81,1676 
2017/12/14,81.55,81.75,2246 
2017/12/15,81.65,81.1,4077 
2017/12/18,81.2,81.2,3842 
2017/12/19,81.2,80.8,4095 
2017/12/20,80.8,81.05,4652 
2017/12/21,81.1,81,1240 
2017/12/22,80.8,81.3,1644 
2017/12/25,81.3,81.45,1002 
2017/12/26,81.45,80.65,2578 
2017/12/27,80.6,80.9,3600 
2017/12/28,81.25,81.7,3094 
2017/12/29,81.75,82.15,4690 
2018/01/02,82.15,82.6,3613 
2018/01/03,82.95,83.35,7196 
2018/01/04,83.5,83.5,5627 
2018/01/05,83.5,83.75,7616 
2018/01/08,83.8,84.1,5189 
2018/01/09,84.1,84.15,3664 
2018/01/10,84.1,83.75,5749 
2018/01/11,83.65,83.4,2579 
2018/01/12,83.55,84.1,2871 
2018/01/15,84.55,84.65,2819 
2018/01/16,84.65,85,3955 
2018/01/17,84.65,85.15,5698 
2018/01/18,85.5,86.3,6898 
2018/01/19,86.35,87.15,5302 
2018/01/22,87.15,87.95,4441 
2018/01/23,88.05,88.3,5799 
2018/01/24,88,87.2,5103 
2018/01/25,87.25,87.45,4983 
2018/01/26,87.45,87.5,7774 
2018/01/29,85.5,85.55,6445 
2018/01/30,85.2,84.55,4966 
2018/01/31,84.4,84.65,4251 
2018/02/01,84.75,85.25,2914 
2018/02/02,84.85,84.9,3081 
2018/02/05,83.2,83.6,7075 
2018/02/06,80.85,79.65,32222 
2018/02/07,81.35,80.65,10181 
2018/02/08,80.65,80.6,4514 
2018/02/09,78.6,79.05,16211 
2018/02/12,79.55,79.7,8443 
2018/02/21,81.4,81.5,11646 
2018/02/22,81.5,81,3749 
2018/02/23,81.4,82,3779 
2018/02/26,82.55,82.4,3289 
2018/02/27,83.1,82.35,7663 
2018/03/01,81.55,81.75,4344 
2018/03/02,80.85,81.15,6262 
2018/03/05,81.1,80.75,3723 
2018/03/06,81.65,82.15,5732 
2018/03/07,81.75,81.8,2619 
2018/03/08,82.15,82.75,3232 
2018/03/09,82.9,82.85,2832 
2018/03/12,83.6,84.15,8752 
2018/03/13,84.35,84.95,9837 
2018/03/14,84.35,84.3,3415 
2018/03/15,84,84.25,3506 
2018/03/16,84,83.9,5510 
2018/03/19,83.65,83.85,2035 
2018/03/20,83.2,83.8,2895 
2018/03/21,83.8,83.85,4891 
2018/03/22,84,83.55,3429 
2018/03/23,81.85,82.1,8259 
2018/03/26,81.85,82.2,4369 
2018/03/27,83,83.4,3277 
2018/03/28,82.9,82.25,4161 
2018/03/29,82.25,82.1,4099 
2018/03/30,82.65,82.85,4994 
2018/03/31,82.85,82.95,878 
2018/04/02,82.85,82.25,3737 
2018/04/03,81.5,81.5,6187 
2018/04/09,82.15,82.2,3401 
2018/04/10,82.1,82.5,3860 
2018/04/11,82.9,82.85,2603 
2018/04/12,83.05,82.5,3591 
2018/04/13,82.7,82.5,2982 
2018/04/16,82.65,82.3,1809 
2018/04/17,82.4,81.4,4325 
2018/04/18,81.6,81.6,3739 
2018/04/19,81.9,82.65,4461 
2018/04/20,81,80.75,9017 
2018/04/23,80.25,79.95,10624 
2018/04/24,79.9,79.55,16867 
2018/04/25,79.25,79.3,16460 
2018/04/26,79.7,79.05,16485 
2018/04/27,79.6,79.2,12395 
2018/04/30,79.65,80,6516 
2018/05/02,80.05,79.4,5513 
2018/05/03,79.05,78.55,8823 
2018/05/04,78.55,78.95,3475 
2018/05/07,79.5,79.5,3858 
2018/05/08,79.4,80,5352 
2018/05/09,80,80.45,3359 
2018/05/10,80.7,80.65,5977 
2018/05/11,81.1,81.6,17654 
2018/05/14,82,82.5,17197 
2018/05/15,82.35,81.65,7222 
2018/05/16,81.45,81.75,8293 
2018/05/17,81.95,81.2,1940 
2018/05/18,81.2,80.95,2360 
2018/05/21,81.2,82.05,3889 
2018/05/22,81.8,81.75,1837 
2018/05/23,81.9,81.35,2124 
2018/05/24,81.35,81.55,1135 
2018/05/25,81.55,81.85,3115 
2018/05/28,82.05,82.2,2940 
2018/05/29,82.2,81.85,1388 
2018/05/30,81.4,80.4,6177 
2018/05/31,80.8,80.75,1605 
2018/06/01,80.8,81.35,1848 
2018/06/04,81.8,82.6,7081 
2018/06/05,82.7,82.5,2695 
2018/06/06,82.65,83.3,6398 
2018/06/07,83.5,83.45,6704 
2018/06/08,83.3,82.55,3469 
2018/06/11,82.8,82.65,3264 
2018/06/12,82.25,82.5,2243 
2018/06/13,82.45,83,4668 
2018/06/14,82.5,81.75,3564 
2018/06/15,81.6,81.95,3862 
2018/06/19,81.1,80.6,4994 
2018/06/20,80.65,81.5,7866 
2018/06/21,81.5,81.25,2134 
2018/06/22,80.8,81.15,6482 
2018/06/25,80.85,80.9,7993 
2018/06/26,80.7,80.7,16434 
2018/06/27,80.75,80.4,8308 
2018/06/28,80.05,80.05,12064 
2018/06/29,80.3,81.45,6584 
2018/07/02,81.5,81.05,4175 
2018/07/03,81.3,81.15,5023 
2018/07/04,81.15,81.4,1746 
2018/07/05,81.45,80.75,3119 
2018/07/06,81.1,80.95,5351 
2018/07/09,81.75,82.25,9040 
2018/07/10,82.65,82.45,4913 
2018/07/11,81.7,81.7,3899 
2018/07/12,81.6,82.65,6882 
2018/07/13,83,83.35,13661 
2018/07/16,83.3,83,5332 
2018/07/17,82.85,82.55,2992 
2018/07/18,83.15,83.05,13174 
2018/07/19,83.1,83.3,13217 
2018/07/20,84,84.65,18403 
2018/07/23,84.3,84.55,8504 
2018/07/24,84.45,84.7,5116 
2018/07/25,84.05,84.75,6352 
2018/07/26,84.75,85,8471 
2018/07/27,85.1,85.7,5947 
2018/07/30,85.65,85.55,3230 
2018/07/31,85.35,85.55,2739 
2018/08/01,85.8,86.15,4012 
2018/08/02,86.1,84.85,4774 
2018/08/03,85.4,85.55,1225 
2018/08/06,85.55,85.7,2424 
2018/08/07,85.7,85.5,1199 
2018/08/08,85.8,86.15,4074 
2018/08/09,86.1,86.15,1631 
2018/08/10,85.7,85.7,1279 
2018/08/13,85.05,83.95,7284 
2018/08/14,84.4,84.55,2243 
2018/08/15,84.5,83.75,4279 
2018/08/16,83.25,83.8,4532 
2018/08/17,83.95,83.65,4640 
2018/08/20,83.9,83.95,3147 
2018/08/21,83.9,84.55,5023 
2018/08/22,84.7,84.65,3545 
2018/08/23,84.8,85.05,3869 
2018/08/24,85,84.8,2549 
2018/08/27,85,85.55,5025 
2018/08/28,85.95,86.25,8288 
2018/08/29,86.45,87.25,13383 
2018/08/30,87.8,87.55,9894 
2018/08/31,87,86.95,4245 
2018/09/03,86.95,86.45,3670 
2018/09/04,86.8,87,2357 
2018/09/05,87,87,2496 
2018/09/06,86.9,86.5,1945 
2018/09/07,86.2,86.4,2505 
2018/09/10,86.6,86,5319 
2018/09/11,85.95,85.65,19525 
2018/09/12,85.85,85.55,18583 
2018/09/13,85.8,84.95,20996 
2018/09/14,85.75,86.5,8616 
2018/09/17,86.5,85.85,8988 
2018/09/18,85.6,85.4,6140 
2018/09/19,85.8,86.15,6881 
2018/09/20,86.45,85.9,4159 
2018/09/21,86.25,86.85,7370 
2018/09/25,86.65,87.1,7506 
2018/09/26,86.9,86.9,8036 
2018/09/27,86.6,87.35,27800 
2018/09/28,87.35,86.9,13202 
2018/10/01,86.9,87.35,5914 
2018/10/02,87.25,86.05,5434 
2018/10/03,86.05,85.95,4369 
2018/10/04,85.7,84.9,9736 
2018/10/05,84.5,83.45,26744 
2018/10/08,82.95,83,46523 
2018/10/09,83.05,83.25,20530 
2018/10/11,80.15,77.4,68551 
2018/10/12,77.7,80.05,23183 
2018/10/15,79.5,79.2,49299 
2018/10/16,79,79.3,16686 
2018/10/17,80.45,79.4,20309 
2018/10/18,79.5,79.15,7988 
2018/10/19,78.2,79.3,12064 
2018/10/22,78.35,79.2,12453 
2018/10/23,78.1,77.75,24898 
2018/10/24,77.8,77.4,13002 
2018/10/25,75.5,75.5,28935 
2018/10/26,76.25,75.4,17783 
2018/10/29,75.85,75.75,9883 
2018/10/30,75.8,75.95,6119 
2018/10/31,76.6,77.55,9898 
2018/11/01,77.85,78.4,6807 
2018/11/02,78.4,78.65,6722 
2018/11/05,78.1,78.25,4657 
2018/11/06,78.45,78,6206 
2018/11/07,78.2,78.4,6194 
2018/11/08,79.15,78.85,10309 
2018/11/09,78.5,77.8,36848 
2018/11/12,77.75,78,6133 
2018/11/13,76.15,77.1,10711 
2018/11/14,77.25,77.35,6293 
2018/11/15,77.5,77.6,5694 
2018/11/16,77.95,76.95,8883 
2018/11/19,77.05,76.7,7058 
2018/11/20,76.4,76,8625 
2018/11/21,75.3,76,15125 
2018/11/22,76.1,75.6,5934 
2018/11/23,75.7,75.35,4041 
2018/11/26,75.9,76.15,6330 
2018/11/27,75.95,76.05,7625 
2018/11/28,76.15,76.9,7549 
2018/11/29,77.7,77.05,8881 
2018/11/30,77.2,76.75,4210 
2018/12/03,77.85,78.8,13850 
2018/12/04,78.5,78.25,4118 
2018/12/05,77.1,76.65,9636 
2018/12/06,75.85,75.1,20347 
2018/12/07,75.6,75.45,6781 
2018/12/10,74.5,74.45,13013 
2018/12/11,74.5,75.05,5316 
2018/12/12,75.65,76.2,8677 
2018/12/13,76.2,76.3,6253 
2018/12/14,75.8,75.35,8780 
2018/12/17,75.35,75.95,5652 
2018/12/18,75.5,75.3,7669 
2018/12/19,75.5,75.9,4497 
2018/12/20,75,75.05,9561 
2018/12/21,74.95,75.2,8481 
2018/12/22,74.85,74.85,3002 
2018/12/24,74.85,74.7,5952 
2018/12/25,74.15,73.75,12071 
2018/12/26,74,73.55,8919 
2018/12/27,74.8,75.05,9615 
2018/12/28,75.1,75.5,4629 
2019/01/02,75.85,74.05,8532 
2019/01/03,73.8,73.35,13347 
2019/01/04,72.8,72.2,21292 
2019/01/07,73.55,73.95,14605 
2019/01/08,74.15,73.65,11006 
2019/01/09,73.95,75,11430 
2019/01/10,74.8,74.8,2823 
2019/01/11,75.3,75.5,10362 
2019/01/14,75.45,75,5298 
2019/01/15,75.05,75.65,11836 
2019/01/16,75.65,75.55,15342 
2019/01/17,75.6,75.55,10020 
2019/01/18,75.75,75.95,8293 
2019/01/21,76.35,76.5,10454 
2019/01/22,74.4,74.05,8838 
2019/01/23,74,73.7,6407 
2019/01/24,73.95,74.05,3500 
2019/01/25,74.6,75,7320 
2019/01/28,75.15,75.15,3825 
2019/01/29,74.5,74.5,4419 
2019/01/30,74.5,74.35,5255 
2019/02/11,75.35,75.15,6614 
2019/02/12,75.35,75.65,6164 
2019/02/13,75.95,75.5,4157 
2019/02/14,75.5,75.25,3641 
2019/02/15,75.3,75.05,3516 
2019/02/18,75.5,75.65,6596 
2019/02/19,75.7,75.5,2862 
2019/02/20,75.9,76.35,34307 
2019/02/21,76.4,77.1,18664 
2019/02/22,76.95,76.95,9881 
2019/02/25,77.35,77.5,19365 
2019/02/26,77.65,77.7,15903 
2019/02/27,77.7,77.65,12907 
2019/03/04,77.55,76.95,8469 
2019/03/05,76.6,76.75,9400 
2019/03/06,76.85,76.95,19579 
2019/03/07,76.9,76.65,18239 
2019/03/08,76.2,76,9975 
2019/03/11,75.85,76.15,4642 
2019/03/12,76.85,77.25,13857 
2019/03/13,77.05,77.1,10148 
2019/03/14,77.3,77.05,5208 
2019/03/15,77.35,77.6,11483 
2019/03/18,77.75,78.1,12218 
2019/03/19,78.1,78.4,8604 
2019/03/20,78.35,78.5,11856 
2019/03/21,78.8,79.15,11341 
2019/03/22,79.5,79.35,6930 
2019/03/25,78.1,78.15,7020 
2019/03/26,78.5,78.65,2700 
2019/03/27,78.45,78.5,2555 
2019/03/28,78.3,78.5,3415 
2019/03/29,78.7,79.15,5680 
2019/04/01,80,79.85,11053 
2019/04/02,80.1,80.15,5605 
2019/04/03,80.4,80.15,6867 
2019/04/08,80.8,80.9,7990 
2019/04/09,80.95,81.4,15272 
2019/04/10,81.1,81.5,10863 
2019/04/11,81.35,81.15,8272 
2019/04/12,81.15,81.1,7498 
2019/04/15,81.65,81.85,7681 
2019/04/16,81.85,82.1,7767 
2019/04/17,82.3,82.75,23104 
2019/04/18,82.9,82.7,20690 
2019/04/19,83.25,82.8,12515 
2019/04/22,83,82.7,2874 
2019/04/23,82.7,83.05,6012 
2019/04/24,83.4,83.2,3108 
2019/04/25,83.1,83.4,3529 
2019/04/26,82.8,82.45,3815 
2019/04/29,82.6,82.8,3161 
2019/04/30,82.8,82.8,3247 
2019/05/02,82.95,83,6155 
2019/05/03,83.1,83.75,30324 
2019/05/06,82.6,82.3,7463 
2019/05/07,82.65,83.15,14011 
2019/05/08,82.4,82.55,13573 
2019/05/09,82.15,81.55,6923 
2019/05/10,81.55,81.5,11794 
2019/05/13,81.1,80.15,18678 
2019/05/14,79.6,79.65,20279 
2019/05/15,79.65,79.75,17261 
2019/05/16,79.5,79.05,17099 
2019/05/17,79.5,78.25,23573 
2019/05/20,78.5,78.2,14304 
2019/05/21,78,78.4,19814 
2019/05/22,78.2,78.4,10557 
2019/05/23,77.85,76.95,25682 
2019/05/24,77.05,77.35,6029 
2019/05/27,77.5,77.15,11541 
2019/05/28,77.25,77.1,9812 
2019/05/29,76.5,76.75,9659 
2019/05/30,76.75,77.4,7658 
2019/05/31,77.35,78.45,7566 
2019/06/03,78.2,78.55,6017 
2019/06/04,78.45,78.05,7228 
2019/06/05,78.85,78.3,7051 
2019/06/06,77.7,77.7,7456 
2019/06/10,78.65,79.05,7666 
2019/06/11,79.2,79.4,10623 
2019/06/12,79.4,79.7,9258 
2019/06/13,79.4,79.05,5914 
2019/06/14,79,78.9,3164 
2019/06/17,78.45,78.7,6141 
2019/06/18,78.8,78.9,2890 
2019/06/19,80,80.75,21832 
2019/06/20,80.75,80.85,11581 
2019/06/21,81.1,80.85,15343 
2019/06/24,80.8,81.2,16600 
2019/06/25,81.15,80.75,7941 
2019/06/26,80.6,80.35,5913 
2019/06/27,80.55,81.5,15351 
2019/06/28,81.45,80.9,3940 
2019/07/01,82.05,82.65,13771 
2019/07/02,82.65,82.45,5209 
2019/07/03,82.35,81.5,8615 
2019/07/04,81.8,82,5777 
2019/07/05,82.1,81.9,1612 
2019/07/08,81.8,81.6,3859 
2019/07/09,81.75,81.5,4083 
2019/07/10,81.95,82.2,4427 
2019/07/11,82.65,82.85,10379 
2019/07/12,82.85,82.75,2972 
2019/07/15,82.85,83.2,9336 
2019/07/16,83.2,83.35,5503 
2019/07/17,83.25,82.8,10598 
2019/07/18,82.6,82.7,7541 
2019/07/19,83,83,9780 
2019/07/22,83.1,83.4,8368 
2019/07/23,83.6,83.6,5899 
2019/07/24,83.75,83.55,3364 
2019/07/25,83.55,83.8,4931 
2019/07/26,83.4,83.25,3129 
2019/07/29,83.1,83.45,3042 
2019/07/30,83.6,83.2,2083 
2019/07/31,83.15,82.8,3119 
2019/08/01,82.2,82.3,5042 
2019/08/02,81.05,80.95,16846 
2019/08/05,80.7,80.15,20659 
2019/08/06,78.65,80.1,24901 
2019/08/07,80.15,79.7,16856 
2019/08/08,80.05,80.65,5036 
2019/08/12,80.65,80.6,3168 
2019/08/13,80.15,79.7,7431 
2019/08/14,80.7,80.3,7382 
2019/08/15,79.2,79.4,15972 
2019/08/16,79.45,80.35,6158 
2019/08/19,80.75,80.8,6475 
2019/08/20,80.85,81,4179 
2019/08/21,80.95,81.1,6092 
2019/08/22,81.3,80.9,9379 
2019/08/23,80.9,81,3211 
2019/08/26,79.8,79.65,12292 
2019/08/27,80.15,79.85,2535 
2019/08/28,80.1,80.4,3318 
2019/08/29,80.45,80.55,3233 
2019/08/30,81.15,81.85,19370 
2019/09/02,81.8,81.9,6457 
2019/09/03,81.85,81.2,5052 
2019/09/04,81.45,82.15,10748 
2019/09/05,82.55,83,25429 
2019/09/06,83.25,83.5,17226 
2019/09/09,83.7,83.8,12633 
2019/09/10,83.95,83.4,5171 
2019/09/11,83.75,83.45,4746 
2019/09/12,84.1,83.9,9281 
2019/09/16,84,84.4,10929 
2019/09/17,84.4,84.25,4966 
2019/09/18,84.4,84.95,16999 
2019/09/19,84.95,84.45,7777 
2019/09/20,84.65,84.7,8231 
2019/09/23,84.65,84.5,4369 
2019/09/24,84.5,84.65,4852 
2019/09/25,84.35,84.1,3927 
2019/09/26,84.45,84.3,5194 
2019/09/27,84.9,84.6,8884 
2019/10/01,84.8,85.95,9595 
2019/10/02,85.6,85.65,5653 
2019/10/03,84.4,84.8,4868 
2019/10/04,85.2,85.15,3746 
2019/10/07,85.4,85.45,4140 
2019/10/08,85.85,86.5,12195 
2019/10/09,86.15,85.8,6916 
2019/10/14,87,87.55,9491 
2019/10/15,87.55,87.7,4377 
2019/10/16,88,88.1,3983 
2019/10/17,88.05,88.15,2540 
2019/10/18,88.15,87.95,2815 
2019/10/21,87.95,87.85,1077 
2019/10/22,88.2,88.7,3256 
2019/10/23,88.7,88.45,2580 
2019/10/24,88.7,88.8,2579 
2019/10/25,89.2,88.8,7971 
2019/10/28,89.25,89.2,5009 
2019/10/29,89.5,89.45,7410 
2019/10/30,89.45,89.85,5384 
2019/10/31,89.9,90.1,9458 
2019/11/01,90,90.1,2806 
2019/11/04,90.55,92.2,6730 
2019/11/05,92.4,92.9,3966 
2019/11/06,92.95,93.35,4494 
2019/11/07,93.2,92.85,3050 
2019/11/08,93,92.55,2890 
2019/11/11,92.4,91.15,5859 
2019/11/12,91.55,92,2426 
2019/11/13,91.55,91.45,1935 
2019/11/14,91.6,91.4,2174 
2019/11/15,92,92.3,2510 
2019/11/18,92.5,92.9,2087 
2019/11/19,92.9,93.6,2821 
2019/11/20,93.6,93.25,7954 
2019/11/21,92.3,92.5,3283 
2019/11/22,92.55,92.55,1506 
2019/11/25,93,92.6,2520 
2019/11/26,92.95,92.85,3827 
2019/11/27,92.85,93.2,1957 
2019/11/28,93.25,92.95,1352 
2019/11/29,92.85,91.5,5344 
2019/12/02,91.95,92.05,2068 
2019/12/03,91.7,92.05,1410 
2019/12/04,91.85,91.7,2310 
2019/12/05,92.35,92.9,3441 
2019/12/06,93.3,93.05,3394 
2019/12/09,93.2,93.65,2912 
2019/12/10,93.4,93,5465 
2019/12/11,93,93.75,1936 
2019/12/12,94.35,95.85,8420 
2019/12/13,96.75,96.9,5880 
2019/12/16,96.95,96.85,4482 
2019/12/17,96.75,98.15,4703 
2019/12/18,98,98.2,3762 
2019/12/19,98.15,97.65,2271 
2019/12/20,97.55,96.95,3353 
2019/12/23,97,97.15,3416 
2019/12/24,97.3,97.2,1409 
2019/12/25,97.2,97.35,1789 
2019/12/26,97.55,97.35,3095 
2019/12/27,97.6,98,2978 
2019/12/30,98,97.8,3138 
2019/12/31,97.1,96.95,4303 
